time	label	state	par	rss_mib	heap_mib	native_mib	cache_mib	memt_mib	native_minus_forst_mib
09:48:57	fill	RUNNING	4	7873	6004	1818	20	22	1776
09:58:59	fill	RUNNING	4	8016	6044	1922	43	14	1865
10:09:01	fill	RUNNING	4	8043	6051	1942	73	20	1849
10:19:03	fill	RUNNING	4	8064	6051	1963	97	16	1850
10:29:06	fill	RUNNING	4	8097	6051	1995	126	16	1853
10:39:08	fill	RUNNING	4	8126	6051	2024	145	16	1863
10:49:10	fill	RUNNING	4	8159	6052	2056	168	14	1874
10:49:29	pre-restart	RUNNING	4	8162	6052	2059	168	14	1877
11:04:30	after-p2	RUNNING	2	8229	6061	2118	42	12	2064
11:24:34	pre-restart	RUNNING	2	8300	6061	2186	114	13	1891	168
11:37:38	after-p4	RUNNING	4	8210	6070	2089	0	0	1892	197
13:42:29	check	RUNNING	4	8156	6079	2027	0	0	1837	190
