airflow-dsl	file-entry-cache	6.0.1	OK
airflow-dsl	flat-cache	3.2.0	OK
airflow-dsl	keyv	4.5.4	OK
allocation-arena-backend	file-entry-cache	8.0.0	OK
allocation-arena-backend	flat-cache	4.0.1	OK
allocation-arena-backend	keyv	4.5.4	OK
api-landing	cache-manager	2.9.0	OK
api-landing	cacheable-request	2.1.4	OK
api-landing	file-entry-cache	5.0.1	OK
api-landing	flat-cache	2.0.1	OK
api-landing	keyv	3.0.0	OK
blockscout-frontend	file-entry-cache	8.0.0	OK
blockscout-frontend	flat-cache	4.0.1	OK
blockscout-frontend	keyv	4.5.4	OK
email-templates	file-entry-cache	1.3.1	OK
email-templates	flat-cache	1.3.4	OK
embed-app	file-entry-cache	6.0.1	OK
embed-app	flat-cache	3.0.4	OK
google-spreadsheet-addon	cacheable-request	6.1.0	OK
google-spreadsheet-addon	file-entry-cache	5.0.1	OK
google-spreadsheet-addon	flat-cache	2.0.1	OK
google-spreadsheet-addon	keyv	3.1.0	OK
grafana	file-entry-cache	1.3.1,6.0.1	OK
grafana	flat-cache	1.3.4,3.0.4	OK
insights-app	file-entry-cache	6.0.1	OK
insights-app	flat-cache	3.0.4	OK
l2-security-council-safe-frontend	cacheable-request	6.1.0	OK
l2-security-council-safe-frontend	file-entry-cache	8.0.0	OK
l2-security-council-safe-frontend	flat-cache	4.0.1	OK
l2-security-council-safe-frontend	keyv	3.1.0,4.5.4	OK
openarena-frontend	@cacheable/memory	2.0.8	OK
openarena-frontend	@cacheable/utils	2.4.0	OK
openarena-frontend	cacheable	2.3.3	OK
openarena-frontend	file-entry-cache	11.1.2	OK
openarena-frontend	flat-cache	6.1.20	OK
openarena-frontend	keyv	5.6.0	OK
san-agent-chart-formulas-service	file-entry-cache	8.0.0	OK
san-agent-chart-formulas-service	flat-cache	4.0.1	OK
san-agent-chart-formulas-service	keyv	4.5.4	OK
san-chain-exporter	cacheable-request	12.0.1	OK
san-chain-exporter	file-entry-cache	6.0.1,8.0.0	OK
san-chain-exporter	flat-cache	3.2.0,4.0.1	OK
san-chain-exporter	keyv	4.5.4	OK
san-docs	cacheable-request	10.2.14	OK
san-docs	keyv	4.5.4	OK
san-graphs	file-entry-cache	2.0.0	OK
san-graphs	file-entry-cache	2.0.0	OK
san-graphs	flat-cache	1.3.4	OK
san-graphs	flat-cache	1.3.4	OK
san-preview	file-entry-cache	6.0.1	OK
san-preview	flat-cache	3.2.0	OK
san-preview	keyv	4.5.4	OK
san-queries	file-entry-cache	6.0.1,8.0.0	OK
san-queries	flat-cache	3.2.0,4.0.1	OK
san-queries	keyv	4.5.4	OK
san-studio	file-entry-cache	6.0.1	OK
san-studio	flat-cache	3.0.4	OK
san-webkit	file-entry-cache	6.0.1	OK
san-webkit	flat-cache	3.1.0	OK
san-webkit	keyv	4.5.3	OK
sanbase-app	file-entry-cache	6.0.1,8.0.0	OK
sanbase-app	flat-cache	3.0.4,4.0.1	OK
sanbase-app	keyv	4.5.4	OK
sanitizer-frontend	file-entry-cache	7.0.2,8.0.0	OK
sanitizer-frontend	flat-cache	3.2.0,4.0.1	OK
sanitizer-frontend	keyv	4.5.4	OK
sanquants-landing-frontend	cacheable-request	6.1.0	OK
sanquants-landing-frontend	file-entry-cache	8.0.0	OK
sanquants-landing-frontend	flat-cache	4.0.1	OK
sanquants-landing-frontend	keyv	3.1.0,4.5.4	OK
sanr-chain-landing	file-entry-cache	6.0.1	OK
sanr-chain-landing	flat-cache	3.0.4	OK
sanr-cms-backend	cacheable-request	7.0.4	OK
sanr-cms-backend	keyv	4.5.4	OK
sanr-cms-frontend	file-entry-cache	8.0.0	OK
sanr-cms-frontend	flat-cache	4.0.1	OK
sanr-cms-frontend	keyv	4.5.4	OK
sanr-landing-page	cache-manager	2.11.1	OK
sanr-landing-page	cacheable-request	2.1.4,6.1.0	OK
sanr-landing-page	file-entry-cache	6.0.1	OK
sanr-landing-page	flat-cache	3.0.4	OK
sanr-landing-page	keyv	3.0.0,3.1.0	OK
sanr-layer-two	cacheable-request	6.1.0	OK
sanr-layer-two	keyv	3.1.0	OK
sanr-op-bridge	file-entry-cache	6.0.1	OK
sanr-op-bridge	file-entry-cache	6.0.1	OK
sanr-op-bridge	flat-cache	3.2.0	OK
sanr-op-bridge	flat-cache	3.2.0	OK
sanr-op-bridge	keyv	4.5.4	OK
sanr-op-bridge	keyv	4.5.4	OK
sanr-points-landing	cacheable-request	6.1.0	OK
sanr-points-landing	file-entry-cache	6.0.1,7.0.2	OK
sanr-points-landing	flat-cache	3.2.0	OK
sanr-points-landing	keyv	3.1.0,4.5.4	OK
sansei-web-prototype	file-entry-cache	8.0.0	OK
sansei-web-prototype	flat-cache	4.0.1	OK
sansei-web-prototype	keyv	4.5.4	OK
santiment-network-landing	file-entry-cache	8.0.0	OK
santiment-network-landing	flat-cache	4.0.1	OK
santiment-network-landing	keyv	4.5.4	OK
santiment-play-landing-frontend	file-entry-cache	8.0.0	OK
santiment-play-landing-frontend	flat-cache	4.0.1	OK
santiment-play-landing-frontend	keyv	4.5.4	OK
santiops-app	cacheable-request	6.1.0	OK
santiops-app	keyv	3.1.0	OK
santiops-options-web	cacheable-request	6.1.0	OK
santiops-options-web	file-entry-cache	8.0.0	OK
santiops-options-web	flat-cache	4.0.1	OK
santiops-options-web	keyv	3.1.0,4.5.4	OK
score-ipfs-explorer	file-entry-cache	8.0.0	OK
score-ipfs-explorer	flat-cache	4.0.1	OK
score-ipfs-explorer	keyv	4.5.4	OK
sheets-landing	cache-manager	2.11.1	OK
sheets-landing	cacheable-request	2.1.4,6.1.0,7.0.2	OK
sheets-landing	file-entry-cache	5.0.1	OK
sheets-landing	flat-cache	2.0.1	OK
sheets-landing	keyv	3.0.0,3.1.0,4.5.0	OK
sso-backend	file-entry-cache	8.0.0	OK
sso-backend	flat-cache	4.0.1	OK
sso-backend	keyv	4.5.4	OK
strategy-marketplace-backend	cacheable-request	7.0.4	OK
strategy-marketplace-backend	keyv	4.5.4	OK
strategy-marketplace-frontend	cacheable-request	6.1.0	OK
strategy-marketplace-frontend	file-entry-cache	8.0.0	OK
strategy-marketplace-frontend	flat-cache	4.0.1	OK
strategy-marketplace-frontend	keyv	3.1.0,4.5.4	OK
